title,link,description,bloggername,bloggerlink,postdate
작은 재미를 더한 매장 안내 사인 이야기,https://blog.naver.com/sil6032/224327204683,#영월맛집 #영월여행 #한반도지형두부마을 #손두부맛집 #강원도맛집 #영월손두부 #두부요리전문점 #영월가볼만한곳 #한반도면맛집 #강원도여행 #시골밥상 #정겨운맛집 #국내여행 #영월<b>관광</b> #두부찌개맛집 #<b>로컬</b>맛... ,한반도지형 두부마을,blog.naver.com/sil6032,20260625
"해운대 광안리 맛집 술집 사장님 외국인 마케팅, 구글지도... ",https://blog.naver.com/fixad_official/224327204212,"대표적인 <b>관광</b> 명소인 해운대와 광안리 일대를 걸어보셨나요? 거리를 가득 메운 외국인 <b>관광</b>객들의... 하지만 키워드 노출, 카테고리·키워드 세팅, 영어 리뷰 응대, 악성 리뷰 대응, <b>로컬</b> SEO를 사장님이 직접... ","신뢰로 완성하는 글로벌 마케팅, 픽스애드",blog.naver.com/fixad_official,20260625
"2025년 일본여행준비, 초보자를 위한 7가지 필수 정보!",https://kyla104.tistory.com/60,많은 여행객들이 대중적인 <b>관광</b>지를 넘어 지역 주민과의 교류 및 <b>로컬</b> 품목을 즐기는 데 중점을 두고 있습니다. 비교 분석 2025년 일본 여행 트렌드 세부 정보 트렌드 특징 예시 비대면 <b>관광</b> 안전한 거리 유지... ,일본 여행,https://kyla104.tistory.com/,20260625
하노이 러닝 여행 시작! 노이바이공항 환전부터 86번 버스로... ,https://blog.naver.com/sjsg0079/224327192924,이번 하노이 여행의 목적은 단순한 <b>관광</b>이 아니라 하노이 러닝 여행입니다. 현지 러닝 크루와 함께... 태국에서 <b>로컬</b> 버스도 타고 다닌 저희라 문제없었답니다. 버스 노선도입니다. 호안끼엠이나 하노이 역까지... ,"일상이 여행, 여행은 덤 :)",blog.naver.com/sjsg0079,20260625
"Local Story - 일본 가미카쓰초, 쓰레기를 브랜드로 만든 마을",https://blog.naver.com/whiteeh09/224327188939,#<b>로컬</b>스토리 #지역<b>관광</b> #지역소멸 #지역경제활성화 https://japantravel.navitime.com/ko/area/jp/spot/02301-pn0002747/ 오늘 목포에 자문하러가는 길에 인스타에서 우연히 글을 하나 보게 되었다. '편의점도 신호등도... ,로컬메이트 그레이스의 블로그,blog.naver.com/whiteeh09,20260625
노트북 들고 떠나는 국내 조용한 도시 TOP 3 — 뚜벅이 완벽... ,https://blog.naver.com/newyun_daily/224327187948,"형성된 <b>로컬</b> 카페 거리. <b>관광</b>객보다 현지인 비율이 높아 조용하고 작업하기 좋음. ② 정원워케이션 센터 (순천만국가정원 내) 30석 규모, 별도 회의실 보유. 기가 Wi-Fi 무료 제공. 정원 뷰로 집중도 높은 작업... ",뉴우니의 어디Log,blog.naver.com/newyun_daily,20260625
"교토 여행 전 알아두면 좋은 실수 5가지, 이거 모르면 하드모드",https://blog.naver.com/klocal-connect/224327185028,여러 <b>관광</b>지 근처까지 이어져 있어서 초행자에게도 편해 보입니다. 하지만 버스만 믿고 움직이면... 교토 여행 준비는 K-Local Connect로 K-Local Connect는 한국인 자유여행자를 위한 <b>로컬</b> 여행 정보 앱입니다.... ,KLocal-Connect 여행정보,blog.naver.com/klocal-connect,20260625
대구 반월당 맛집 약령시 혼밥 냉모밀 부담없는 편안한 분위기,https://blog.naver.com/bingsoo82/224327184776,내부 <b>관광</b>객은 물론 현지분들도 많이 찾는 이유를 알겠더라고요. 혼자 방문해도 부담 없는 분위기라... 손님 진짜 많아요 특히 어르신 분들 손님 비율이 어마어마했음 대구 <b>로컬</b> 맛집 인증 아니겠나며~~ 쫄깃한... ,나를 위한 정보&기억 저장소,blog.naver.com/bingsoo82,20260625
일본 소도시 이시가키 여행 5박6일 1일차 : 다케토미 섬 전동... ,https://blog.naver.com/maanggol/224327177043,"섬마다 운항하는 회사(안에이 <b>관광</b> 페리, 야에야마 <b>관광</b> 페리 등)나 배 시간표가 다 달라서 미리... 미리 알아봐 둔 다케토미 섬 <b>로컬</b> 맛집 '야라보(やらほ)'로 향했다. 외관부터 일본 특유의 감성이... ",Maaanggol,blog.naver.com/maanggol,20260625
싱가포르 패키지 여행 유류비 인상 없는 5일 특가 센토사 루지... ,https://blog.naver.com/ysysyyy/224327174771,"물론, 선택 <b>관광</b> 비용과 가이드 및 기사 경비는 불포함되어 있으니 추가 경비가 발생할 수 있다는 점은... 쇼핑을 좋아하시는 분들이라면 세계적인 브랜드와 트렌디한 매장이 즐비한 오차드 로드와 <b>로컬</b>... ",여행가03,blog.naver.com/ysysyyy,20260625
마쓰야마 라멘 맛집 멘도코로 타이가 후기,https://blog.naver.com/ilogodcns/224327172460,"마쓰야마 시내 중심부에 위치해 있어 <b>관광</b> 동선에 포함하기도 좋으며, 에히메현 미술관 방문객이라면... 일본 <b>로컬</b> 라멘집에서 흔히 볼 수 있는 시스템으로 여행 중 현지 식당 분위기를 느껴볼 수 있어... ","일본 소도시, 힐링과 미식의 여정",blog.naver.com/ilogodcns,20260625
한국인의밥상 파주 군내면 전통주 청국장 고추장 구매 가능... ,https://blog.naver.com/rsp7703/224327170037,DMZ <b>관광</b>과 함께 방문하기 좋은 코스로도 알려져 있습니다. 전통 발효 과정을 이해하고 직접 맛을... 웰빙식품 #<b>로컬</b>푸드 #파주가볼만한곳 #전통음식 #건강식품 &quot;포스팅에 사용 된 사진 출처는 업체등록사진을... ,일이일일일일일칠,blog.naver.com/rsp7703,20260625
"일본 골든위크 여행, 이때 가면 후회할 수 있는 이유와 피하는... ",https://blog.naver.com/kloi25/224320306814,"여행 방식 도심 <b>관광</b> 외곽 <b>로컬</b> 여행 분위기 활기 있고 복잡함 조용하고 여유로움 장점 볼거리와 교통 편의 힐링, 산책, 현지 감성 단점 인파와 대기 이동·소통 난도 적합한 사람 명소 중심 여행자 쉼이 필요한... ","퍼블버블 킴-오늘을 사는 삶, 일상을 빚어내는 이야기",blog.naver.com/kloi25,20260625
"세종 여행 코스 추천, 실패 없는 당일치기 힐링 동선 완벽 가이드",https://blog.naver.com/jiyn74/224323210838,"여행 전문가로서 솔직히 말하면, 세종은 '화려한 <b>관광</b>지'는 없어요. 하지만 '쾌적한 환경'이라는... (URL: https://www.sjna.or.kr) 오후 1:00 - 점심 및 <b>로컬</b> 맛집 탐방: 정부세종청사 주변에는 가성비 좋은 맛집이... ",행복한긍정씨 블로그,blog.naver.com/jiyn74,20260625
[서울호스텔매매] 실 투자금 1억5천! 모텔매매 대안으로 뜨는... ,https://blog.naver.com/staybrief/224326802449,"외국인들이 여행으로 선호하는 강남권 한강 라이프, 서울의 찐 <b>로컬</b> 핫플레이스, K팝투어 전부를 흡수할 수 있는 곳 입니다. 천호동 로데오거리 강동구에서도 2030 MZ세대 및 외국인 <b>관광</b>객을 유치하기위해 젊고... ",숙박업 브리핑노트,blog.naver.com/staybrief,20260625
DN-30 솔즈 5룸 풀빌라 베트남 다낭풀빌라추천 (키즈풀 포함... ,https://blog.naver.com/marco8772/224327167640,"포인트 <b>관광</b>지 특징 미케해변 다낭 대표 해변으로 산책, 카페, 해변 휴식을 즐기기 좋은 장소 먼타이해변 비교적 한적한 분위기에서 바다를 즐기기 좋은 해변 한시장 기념품, 망고젤리, 건과일, <b>로컬</b> 쇼핑을... ",kim's trip,blog.naver.com/marco8772,20260625
[팜투어디렉터 <b>관광</b>상권분석]... 거제 <b>관광</b>상권의 진짜 변화,https://blog.naver.com/dreamfarm_/224327166748,"실제로 최근 YTN 보도 영상을 보면, 원이가 방문했던 로컬 치킨집과 덕포해수욕장은 팬들의... 채보현 #드림파머체험연구소 #지역관광 #<b>로컬관광</b> #거제식물원 #거제파노라마케이블카 #외도보타니아 #지자체마케팅",드림파머체험연구소,blog.naver.com/dreamfarm_,20260625
종로호스텔용도변경 서울호스텔임대｜종로3가역 초역세권... ,https://blog.naver.com/naezarchiving/224327155536,✔낮에는 인사동과 익선동 한옥거리 밤에는 종로 포차거리로 한국을 방문하는 외국인 <b>관광</b>객이 한국의 정서와 찐 <b>로컬</b>문화를 경험하고 싶어하는 니즈에 딱 알맞는 상권입니다. ✔종로 숙박 상권은 언제나... ,전국 숙박업 전문 공인중개사 l 만실언니,blog.naver.com/naezarchiving,20260625
"<b>로컬</b> 컨텐츠 제작 김해 가볼만한 곳, 수로왕릉",https://blog.naver.com/yeopsfilm/224327155076,"김해DMO와 함께 기록했던 <b>로컬</b> 콘텐츠 엽스필름은 단순히 매장이나 브랜드 촬영만 진행하는 것이 아니라, 김해를 알리는 <b>로컬</b> 콘텐츠 제작에도 참여하고 있습니다. <b>관광</b> 콘텐츠는 단순히 풍경을 기록하는 것이... ",yeopsfilm,blog.naver.com/yeopsfilm,20260625
올해 장마가 이례적으로 늦어지면서 6월 안에는 장마가... ,https://blog.naver.com/sda6589/224327151643,"아웃도어, <b>관광</b>, 건설 업계 등에 긍정적인 실무적 모멘텀을 제공합니다. 다만 가뭄이 심화되는 정무적 상황 속에서 '맑음'을 강조하는 것은 수자원 고갈에 대한 경각심을 동시에... ",sda6589님의 블로그,blog.naver.com/sda6589,20260625
제주3박4일패키지 입소문광고 현명한 선택법,https://blog.naver.com/gfanybody/224327150350,"패키지 여행을 통해 다양한 <b>로컬</b> 비즈니스와 협력하게 되며, 이는 고용 창출로 이다. <b>관광</b>객들이 제주 지역의 맛집이나 체험 프로그램에 참여하게 되면서 지역 사회가 경제적으로도 혜택을 받는다. 또한... ",재테크메모장,blog.naver.com/gfanybody,20260625
"14회) 지자체 지역축제, 행사에 더 많은 방문객을 맞이하려면... ",https://blog.naver.com/gigaadkorea/224326760889,"등 <b>관광</b>명소를 중심으로 한 여행지구성도 눈에 띄는 장소입니다. 이와 같은 축제들은 좀 더 넓은 홍보, 광고 커버리지를 필요로 하며 또한 방문자 역시 <b>로컬</b>, 지역행사에 비해 더 많기 때문에 예산에... ",대한민국 No.1 광고마케팅 그룹 기가애드,blog.naver.com/gigaadkorea,20260625
"기념일에 가기 좋은 분위기 끝판왕, 제주 흑돼지 서귀포 맛집 추천",https://blog.naver.com/eunjin7758/224326976921,"<b>로컬</b> 주민들이나 여행자들 사이에서 입소문이 자자한 곳은 다 이유가 있는 것 같아요 원래 고기 맛이 거기서 거기지,,, 했다가 이번에 완전히 편견이 깨져서 돌아왔답니다 !! 마침 위치도 서귀포 중문<b>관광</b>단지... ",태티치,blog.naver.com/eunjin7758,20260625
한국인의밥상 파주 군내면 전통주 청국장 고추장 구내문의... ,https://blog.naver.com/kre231/224327144990,DMZ <b>관광</b> 코스와 함께 방문하기 좋은 장소입니다. 발효 과정을 직접 이해하고 전통 식문화를 체험할 수... 전통장류 #<b>로컬</b>푸드 #웰빙식품 #파주가볼만한곳 #전통음식 #건강식품 이 포스팅에 사용 된 사진출처는... ,웃음 가득한 하루,blog.naver.com/kre231,20260625
밴쿠버는 차원이 달라 | 캐나다 여행 팁과 꼭 가야 할 곳 10,https://blog.naver.com/jinsolisme/224327142413,않았는데 <b>관광</b>객 대상 범죄라기보다는 도시 치안 자체가 크게 좋은 느낌은 아니에요 항상 조심하기... <b>로컬</b> 브루어리 맥주 좋아한다면 현지 브루어리에 가서 <b>로컬</b> 맥주 시음해봐도 좋은 것 같아요... ,The Power of Purple Sol,blog.naver.com/jinsolisme,20260625
단양 만천하스카이워크 전망대 짚와이어 이용료와 잔도길... ,https://blog.naver.com/kkk88_/224327142591,"지형적 지생 자산의 활용 원인과 복합 인프라의 발생 배경 단양 만천하스카이워크가 전국적인 <b>관광</b>... 더 나아가 하산 후 도보로 연계 가능한 단양 구경시장 내부의 마늘 떡갈비, 흑마늘 닭강정 등 <b>로컬</b> 평점이... ",생활해택노트,blog.naver.com/kkk88_,20260625
"우림시장 맛집 외할머니 손맛, 집밥 같은 한 끼 찾는 분께",https://blog.naver.com/reality2024/224327141271,저는 중랑구 <b>로컬</b>로서 정말 자주가는 프로자취러 밥집 한곳을 소개해 드리려고 해요! 시장 통로에... 공식 <b>관광</b> 정보에서도 우림시장 내 점포는 휴무일과 영업시간이 점포별로 다르다고 안내됩니다. 그래서... ,힛,blog.naver.com/reality2024,20260625
담양 관방제림 야간 산책 코스와 국수거리 단골집 무료 주차장... ,https://blog.naver.com/kkk88_/224327138605,높은 <b>로컬 관광</b> 생태계를 구축하고 있습니다. 주말 인파 리스크를 방어하고 밤 산책을 완수하는 실전... 관방제림 밤 산책 시 독자가 오판하기 쉬운 행정 오류와 주의사항 야간 야외 활동은 도심지 실내 관광과... ,생활해택노트,blog.naver.com/kkk88_,20260625
상하이 자유여행 추천  | 현지인이 알려주는 1~3일 프라이빗... ,https://blog.naver.com/tyongsh_/224327137098,"상하이 여행이 단순한 <b>관광</b>을 넘어 한국 역사와도 연결되어 있다는 점에서 많은 분들이 인상 깊게 기억하는 장소입니다. DAY 3｜예원, 티엔즈팡, <b>로컬</b> 음식과 마지막 쇼핑 예원은 전통적인 상하이 분위기를 느낄... ",tyongsh_님의 블로그,blog.naver.com/tyongsh_,20260625
"태국 푸껫 자유여행, 해변 명소와 이동 팁 정리",https://blog.naver.com/fly00004/224327137078,"■ 숨은 매력을 느끼는 올드타운 푸껫 올드타운에서는 알록달록한 시노포르투갈 양식 건물과 감성 카페, <b>로컬</b> 음식점을 쉽게 만날 수 있습니다. ❝ <b>관광</b>지보다 골목 분위기가 더 기억에 남는 도시였습니다.... ",오로라왕국,blog.naver.com/fly00004,20260625
춘천 해피초원목장 스위스 포토존 동선과 초여름 드라이브... ,https://blog.naver.com/kkk88_/224327133850,주변 연계 <b>관광</b>지들의 세부 콘텐츠와 효율적인 이동 동선 비교 지표는 <b>로컬</b> 커뮤니티의 검증된 가이드나 여행 안내 자료를 통해 사전에 꼼꼼하게 대조해 보시는 것이 유리합니다. 목장 방문 시 여행 유저들이... ,생활해택노트,blog.naver.com/kkk88_,20260625
2025년 여름휴가! 6월 여행 추천지 7곳,https://dwqn.tistory.com/190,식비 절약하기 세 번째 단계: <b>로컬</b> 음식 활용하기 여행지의 길거리 음식이나 <b>로컬</b> 레스토랑을 이용하면 저렴하면서도 맛있는 식사를 할 수 있습니다. 인기 <b>관광</b>지에서 벗어난 곳의 식당을 방문하면 가격이 더... ,여행 가용,https://dwqn.tistory.com/,20260625
심심해서 쓰는 1년 전 여행기-2,https://blog.naver.com/housecubemsh/224327107060,우연히 <b>로컬</b> 시장을 찾았다. <b>로컬</b>답게 영어도 안 통하고 현금밖에 안 받는다. 과일이 시장인데도... 특정 문화가 발달한 것도 아니고 애초에 <b>관광</b>으로 유명한 국가도 아니긴 하다. 그럼에도 그나마 볼거리인... ,.,blog.naver.com/housecubemsh,20260625
[StartupRecipe] 넥스트라이즈 2026이 달랐던 점 - 2026.06.... ,https://blog.naver.com/ydk531/224327101292,하이퍼<b>로컬</b> 공동구매 비공개 #하이케이엠 반도체 인라인SEM솔루션 비공개 #엠바스 BaaS 기반 AI... 관련 기사 : 오픈AI부터 팔란티어까지…AI 빅테크 다 모인 넥스트라이즈 조선부터 라이프스타일·<b>관광</b>까... ,즐거운 인생,blog.naver.com/ydk531,20260625
2026 청춘 템플스테이 3만원의 행복 뒤 숨겨진 청년 경제학과... ,https://blog.naver.com/realdori/224327074953,조계종 총무원장 진우스님이 미래 핵심 사업으로 추진하는 선명상 허브 구축은 단순 종교 행사를 넘어 향후 글로벌 웰니스 <b>관광</b> 산업의 거대한 축으로 성장할 무형 자산입니다. 3. <b>로컬</b> 크리에이터 및 지방... ,경제 저축 절약 여행 도리랜드,blog.naver.com/realdori,20260625
사암과 물이 빚어낸 빛의 마술ㅣ엔텔롭 캐년 후기,https://blog.naver.com/onvalog/224327091656,엔텔롭 캐년 <b>관광</b> 추천 이유 엔텔롭 캐년 사진보다 실제가 더 아름답다 많은 여행지 중 사진이... 엔텔롭 캐년 투어 추천 이유 엔텔롭 캐년은 나바호 보호구역에 위치해 있어 지정된 <b>로컬</b> 가이드와 함께... ,온바로그(ONVALOG) l 세계여행,blog.naver.com/onvalog,20260625
"6월 중순 나트랑 여행 [3] 카피바라 카페, 버고호텔, 루엉쏭깡... ",https://blog.naver.com/rmfosnsk/224327088456,ㅋㅋㅋㅋㅋㅋㅋㅋ 적당한 맛집을 찾다가 딱 적당한 <b>로컬</b>-<b>관광</b> 반반 느낌의 쌀국수집을 찾았다. 원래도 좋아하는 분보후에.... 오늘도 아침은 걸어서 방문. ㅎㅎㅎ 버고 호텔에서 10분 정도 걸어서 도착했다.... ,grassy.,blog.naver.com/rmfosnsk,20260625
토프락 시티 호텔 안탈리아 안탈리아 숙소 위치 고르는 기준과... ,https://blog.naver.com/h3aruxaxv/224327084764,"식사 팁 하나 더 주자면, <b>관광</b>지 한복판보다 “점심 세트(오늘의 메뉴)” 있는 가게가 진짜 <b>로컬</b>이에요. 동네 로칸타는 늦은 오후에 재료가 소진되기도 하니, 12시~2시 에 맞추면 가장 신선합니다.... ",올라잇24,blog.naver.com/h3aruxaxv,20260625
유럽 33개국 이심 eSIM 여행자 필수템 핵심 정보 정리,https://blog.naver.com/percussion-/224327082090,유럽 <b>관광</b>을 계획하는 사람들 ③주요 기능 및 장점 ✔ 33개국 완전 무제한 데이터 사용 유럽 전역에서... <b>로컬</b> 네트워크인 만큼 한국에서 로밍으로 접속하는 것보다 훨씬 빠르고 안정적이에요. ✔ 알림톡으로... ,내 집 마련의 꿈,blog.naver.com/percussion-,20260625
260511-260512 쌰쌰쌰 오 나의 샹하이 러브 자꾸자꾸 나타나,https://blog.naver.com/01071419437/224327080205,숙소에서 우캉멘션까지 약 20분 거리라 열심히 걸어갔습니다 <b>관광</b>지 느낌이 덜 나고 <b>로컬</b> 느낌이 많이 나서 좋았음 ... 꽃구경도 함 조경을 잘 해놨더라 상하이가 <b>관광</b>에 엄청 신경쓰는걸 느낀게 길거리에 조경... ,"애솔이는 오늘도,",blog.naver.com/01071419437,20260625
보라카이 여행 정보 일정과 가볼만한 곳 정리,https://blog.naver.com/kkozzang064/224327079697,"섬 내에서 이동할 때 현지인처럼 <b>로컬</b> 교통수단을 이용하며, 보라카이의 일상적인 풍경과 활기찬... 이후 일정은 주로 해변에서의 휴식, 선택 <b>관광</b>(해양 액티비티 등), 그리고 리조트 내 시설 이용 등으로... ",여행으로 만나는 세상,blog.naver.com/kkozzang064,20260625
[2026 완주 공예주간] 완주 DMO 여행 어매니티 사러 완주... ,https://blog.naver.com/wanjudmoda/224327075117,"<b>로컬</b>을 브랜드로 만드는 완주DMO입니다. 여름이 성큼 다가온 6월의 끝자락, 완주에서 특별한 이틀이... 완주 DMO 이벤트 팔로우&amp; 설문조사 완주DMO 인스타그램(@wanju_dmo)을 팔로우하고, 완주 <b>관광</b> 만족도... ",완주DMO '여행에 완주를 담다',blog.naver.com/wanjudmoda,20260625
"[초록열매 4기 기획시리즈 ①] 장터에서 축제까지, 일상 속... ",https://blog.naver.com/korea_she/224327074380,"&lt;초록열매&gt; 4기에 참여한 시민환경단체 늘푸름은 <b>로컬</b> 장터 ‘품X품마켓’을 성공적으로 열었고, (사)... 시민자치문화센터 그동안의 성과를 바탕으로 지속가능한 축제 확산을 위한 조례(문화·체육·<b>관광</b>... ",숲과나눔,blog.naver.com/korea_she,20260625
"6월 마지막 주말 서울 근교 가볼만한 곳, 가성비 주말 나들이로... ",https://blog.naver.com/ekadl13/224326519349,"1인당 8,000원 선에서 해결할 수 있는 보리밥 뷔페나 <b>로컬</b> 칼국수 맛집들이 즐비하네요. 대형 아울렛... 향후 2027년에는 친환경 저탄소 여행 트렌드가 더욱 확산되면서 대중교통 연계형 <b>관광</b> 상품이나 지자체... ",노트온 마켓로그,blog.naver.com/ekadl13,20260625
6월 마지막 주말 서울 근교 가볼만한 곳 직장인 당일치기 코스... ,https://blog.naver.com/little_daily_note/224326442595,"바쁜 일상 속에서 편도 1시간 내외의 이동 시간으로 자연 속 휴식과 <b>로컬</b> 맛집 투어를 동시에 즐기며... 실제로 2026년 경기<b>관광</b>공사 발표 자료에 따르면, 화담숲은 주말 하루 평균 방문객이 삼천 명을 넘을... ",소일이노트,blog.naver.com/little_daily_note,20260625
남방큰돌고래 드론 촬영 — 제주 신도리에서 담아낸 기록,https://blog.naver.com/artro2023/224320934317,"제주 <b>로컬</b> 브랜드 영상, 제품 홍보 영상, 수중 촬영이 포함된 프로젝트, <b>관광</b> 콘텐츠, 기업 브랜드 필름 등 다양한 분야에서 작업해왔습니다. 제주 생태 환경 기록, 자연 생물 촬영이 포함된 프로젝트도... ",아트로스튜디오 - 제주 현지 촬영·영상 전문팀,blog.naver.com/artro2023,20260625
호치민 여행 패스트트랙 후기 &amp; 2층 시티투어 버스 예약 할인 꿀팁,https://blog.naver.com/cncmgm1/224327067973,빨간색 2층 버스를 타고 호치민 주요 <b>관광</b>지를 둘러볼 수 있어 처음 방문하는 여행객에게 특히... 독립궁 / 노트르담 대성당 (역사와 문화의 중심) 벤탄 시장 (활기찬 <b>로컬</b> 마켓) 응우옌 후에 보행자 거리... ,제이기자의 일상,blog.naver.com/cncmgm1,20260625
남해현지인맛집 블루칼라 직접 다녀온 후기,https://blog.naver.com/wjdh0430/224327066716,미국 <b>로컬</b> 무드가 같이 느껴지는 공간이라 들어가는 순간부터 기대감이 생기더라고요. 이번에 방문하면서 왜 여기가 남해현지인맛집으로 유명한지 바로 알겠더라고요. 블루칼라는 2025년 문화체육<b>관광</b>부와... ,슬라이드,blog.naver.com/wjdh0430,20260625
<b>로컬</b> 양조장 [공사사양조],https://blog.naver.com/myseo-/224327060722,호불호 없이 즐기기 좋은 <b>로컬</b> 브랜드라는 생각이 듭니다 여러분도 다채로운 라인업 중 입맛에 맞는 제품으로 꼭 한번 경험해 보세요!  #대전<b>관광</b>공사 #대전세종<b>관광</b>기업지원센터... ,⠀,blog.naver.com/myseo-,20260625
트립가자 해외가족여행비교 다낭가족여행 여행사비교!... ,https://blog.naver.com/uko01260/224327058492,추천하는 <b>로컬</b> 맛집이나 가족끼리 프라이빗하게 갈 수 있는 곳까지 코스에 넣어줘서 여행 퀄리티가 확... 게다가 선택 <b>관광</b>이나 쇼핑 강요가 아예 없어서 여행 자체에 집중할 수 있는 것도 진짜 좋았어요.  최종... ,uko01260님의 블로그,blog.naver.com/uko01260,20260625
내돈내산 부산 대호양곱창 자갈치시장 추성훈 단골 맛집,https://blog.naver.com/eheka111/224327056468,부산곱창맛집 #부산노포 #부산성지순례 #부산여행필수코스 #부산맛집블로그 #부산맛집리뷰 #부산숨은맛집 #부산핫플 #부산자갈치시장 #부산남포동 #부산<b>관광</b>맛집 #부산<b>로컬</b>식당 #부산맛집그램 #부산야시장맛집,일상 & 맛집 blog,blog.naver.com/eheka111,20260625
"# 1박 2일 군산 &amp; 익산 근대 감성, 바다 여행",https://blog.naver.com/alfla9812/224327049470,없는 <b>관광</b>스팟 귀여운 달고나 만들기도 해보고 현재 기차는 사라졌지만 철길 골목은 여전히 70~80년대... 같은 <b>로컬</b> 간식과 교도소 세트장의 이색적인 체험 직접 걷고 체험하면서 사진까지 남길 수 있는 독특한... ,너와 나의 파라다이스,blog.naver.com/alfla9812,20260625
평택 신장동 인쇄소 경영인쇄소 이용 정보,https://blog.naver.com/subin_kim_/224327046614,"송탄역과 신장동 생활권 인근에서 인쇄소를 찾는 분들 이 방문 전 확인해볼 만한 <b>로컬</b> 업체입니다.... 송탄 생활권에서 함께 보기 좋은 위치 경영인쇄소가 있는 신장동 일대는 송탄<b>관광</b>특구, 평택국제중앙시장... ",수빈이,blog.naver.com/subin_kim_,20260625
제주 소품샵도 사업지원금 신청이 가능할까? 추가로 받을 수... ,https://blog.naver.com/kisc24/224327044353,"제주도·제주신용보증재단 지역 특화 지원 - 지역 특성상, <b>관광</b>·<b>로컬</b> 상권 연계 사업이 많아 소상공인 이차보전, 보증료 지원, 경영컨설팅 사업 등의 지원이 따로 운영 중! 3. 창업·재도전 지원, 디지털전환... ",한국산업지원센터,blog.naver.com/kisc24,20260625
[여행기록] 2026 6월 북해도 삿포로_北海道 サッポロ #2일,https://blog.naver.com/kgeii92/224327043331,간단히 <b>관광</b>스팟을 하나하나 설명해 주셔서 눈으로 익혀놓고 대략 동선을 미리 짜볼 수 있어서 좋았음)... 기다리다가 바로 들어감 (아마 1인으로 오면 웨이팅 없이 바로 바에서 먹을 수 있을 것 같음) <b>로컬</b>... ,두서없이 아무말하는 블로그,blog.naver.com/kgeii92,20260625
상주시청 안재민시장 정책 스포츠 <b>관광</b> 기반,https://blog.naver.com/kmmc3377/224327038309,"스포츠 <b>관광</b>은 낙동강 수상레저, 파크골프, 캠핑, 자전거길, 한복진흥원, 원도심 역사문화, <b>로컬</b>푸드 판매장과도 연결될 수 있습니다. 대회 참가자가 경기 이후 상주의 <b>관광</b>지와 음식점, 농특산품 판매장을... ",투데이이슈리포트,blog.naver.com/kmmc3377,20260625
상주시청 안재민시장 정책 출향인 고향여행 지원,https://blog.naver.com/kjctv/224327037620,"체류형 고향 방문과 지역 <b>관광</b> 소비를 연결하는 상주 방문경제 행정 [상주 국민의소리] 상주시청... 출향인이 가족과 함께 상주를 방문하면 숙박, 음식점, 전통시장, <b>로컬</b>푸드 매장, 체험 프로그램, 문화시설... ",뉴스픽데이,blog.naver.com/kjctv,20260625
"“지금 천안으로 <b>관광</b> 오라”… 천안시, <b>관광</b> BI ‘TOUR... ",https://blog.naver.com/ctn_cheonan_new/224327035564,"이에 따라 시는 타 지자체와 차별화된 ‘TOUR NOW CHEONAN’ 브랜드를 마스터키 삼아, 향후 시가 제작하는 모든 <b>관광</b> 가이드북 및 홍보물, 도심 곳곳의 <b>관광</b> 안내 사인몰, <b>로컬</b> 특산품 및 기념품 패키지, SNS... ",CTN신문 천안취재본부,blog.naver.com/ctn_cheonan_new,20260625
[김해 소식] 시민의 아이디어가 김해의 미래가 됩니다! 2026년... ,https://blog.naver.com/dmswn1192/224327029923,"지역경제: <b>로컬</b> 크리에이터 육성 및 양질의 일자리 창출, 농·축산업 경쟁력 강화 문화<b>관광</b>: 체류형 <b>관광</b> 활성화, 주민 주도의 참여형 ·골목형 동네 축제 육성 기타: 그 외 시민의 일상과 시정에 관련된 모든... ",아무말 일기장,blog.naver.com/dmswn1192,20260625
태국 방콕 여행 현지 분위기 가득한 맛집과 사원 방문기,https://blog.naver.com/p2sda/224326649575,현지의 맛을 제대로 느낀 <b>로컬</b> 갈비 국수 시식 후기 태국 방콕 여행 중 먹거리 고민이 많으시겠지만... 향신료에 민감하신 분들도 거부감 없이 맛있게 즐길 수 있는 메뉴라 그런지 주변 테이블에도 한국 <b>관광</b>객분... ,p2sda님의 블로그,blog.naver.com/p2sda,20260625
"&lt; 그랜드 조선 제주 &gt; 디럭스 가든뷰 트윈룸, 루프탑 수영장... ",https://blog.naver.com/dami629/224327026805,"오늘은 제주 대표 <b>관광</b>지들이 모여있는 중문<b>관광</b>단지의 중심 그랜드 조선 제주 내돈내산 숙박후기... 제주 <b>로컬</b> 식재료를 활용한 프리미엄 뷔페 레스토랑, 아리아 조식 후기 ✅운영시간 BREAKFAST 07:00 - 10:30... ",DailyDamiLog,blog.naver.com/dami629,20260625
[이더라운드x제주<b>관광</b>공사 마을기획전/김녕] 맨손으로 보말과... ,https://blog.naver.com/tdj04158/224327026469,[이더라운드x제주<b>관광</b>공사 마을여행기획전] 이벤트로 30% 할인이 진행중이라고 합니다!! 다들 얼른 체험해보세요~~ #카스테이 #마을여행기획전 #이더라운드 #제주여행 #<b>로컬</b>여행 #마을여행 #체험여행,응아's 블로그,blog.naver.com/tdj04158,20260625
상주시청 안재민시장 정책 낙동강 수상레저 <b>관광</b>,https://blog.naver.com/tjsk6114/224327015940,"행사 기간에 방문한 <b>관광</b>객이 상주보오토캠핑장과 낙단보 수상레저센터만 이용하고 돌아가는 구조가 아니라 전통시장, <b>로컬</b>푸드 매장, 농특산품 판매장, 음식점, 카페, 도심 <b>관광</b>지로 이동할 수 있는 동선을... ",사회탐사뉴스,blog.naver.com/tjsk6114,20260625
베트남(사이공) = 스쿠터를 타고 가이드와 호치민 곳곳을 누비는... ,https://blog.naver.com/ghsqkq456/224326337140,"복잡한 교통 속에서도 능숙하게 운전하는 가이드 덕분에 안전하게 이동할 수 있었고, <b>관광</b>지뿐 아니라 골목과 <b>로컬</b> 맛집, 야시장까지 자연스럽게 둘러볼 수 있어 좋았다. 걸어서는 보기 어려운 풍경을 빠르게... ",언제든 비행은 좋아,blog.naver.com/ghsqkq456,20260625
제주 서귀포 아이와 중문 맛집 갈치왕 중문 순살갈치조림과... ,https://blog.naver.com/holocelina/224327014456,중문<b>관광</b>단지 주변이잖아요. 특히 제주에 오면 한 번쯤은 테이블을 가득 채우는 거대한 크기의 은갈치... 신선한 <b>로컬</b> 해산물을 한상 가득 푸짐하게 즐겨요 01. 기본정보 및 위치 02. 갈치왕 중문본점을... ,수도권 조경여행,blog.naver.com/holocelina,20260625
그리스교통편추천 / 그리스자유여행에 섬과 도시를 잇는... ,https://blog.naver.com/gotrip2024/224326865614,"5시간, 일반페리 7–8시간 인기 이유: 산토리니의 일몰·경관 때문에 <b>관광</b>수요가 아주 높음. 당일 이동... 페리·<b>로컬</b> 운항사의 특별편을 확인해 보세요. 성수기에는 좌석이 빠르게 소진되므로 예약은 가능한... ",여행러브님의블로그,blog.naver.com/gotrip2024,20260625
청주출발 내몽골 사막투어 유리호텔 패키지일정,https://blog.naver.com/midam_mi/224327012806,몽골과 <b>관광</b>지 느낌이 유사하지만 완전히 다른지역입니다 몽골은 국가이며 내몽고는 중국에 속한 지역입니다 내몽고여행코스 몽골은 그렇기때문에 더 <b>로컬</b>의 느낌을 많이받을수있고 이동 동선이 조금 길어도... ,미담투어 인스토리,blog.naver.com/midam_mi,20260625
"부산출발 해외여행 마카오+계림, 마카오+홍콩 패키지 추천",https://blog.naver.com/hajin-love/224327010279,"넘치는 <b>로컬</b> 시장인 레이디스 마켓을 방문할 수 있습니다. 미드레벨 에스컬레이터와 소호 거리에서는... 홍콩 역시 10월부터 4월이 건기로, 기온이 선선하고 습도가 낮아 <b>관광</b>하기 좋습니다. 특히 10월과 11월은... ",골든트리tour,blog.naver.com/hajin-love,20260625
대전 당일치기 여행 계족산 황톳길 중리전통시장 성심당DCC점,https://blog.naver.com/rainbowtuna/224327007238,'한국<b>관광</b> 100선'에 선정된 유명한 곳이랍니다. 위치: 대전 대덕구 장동삼람욕장 일원 입장료: 무료... 구경하고 <b>로컬</b> 맛집 찾아 들어가는 코스! 맛집이 많다면서 지도도 받았답니다. 중리전통시장은 1988년에... ,물가에 내놓은 여행,blog.naver.com/rainbowtuna,20260625
대만 지우펀 스펀 천등날리기 예류 지질공원 프라이빗... ,https://blog.naver.com/traveleramber/224327004502,그래도 저는 이런 <b>로컬</b> 감성 좋아해서 너무 좋았습니다. 중간 중간 냄새를 피해서 밀크티도 먹고 대왕오징어도 먹어보고 소품샵도 들려 봤는데 <b>관광</b> 상품 마그넷 같은 거 사실거면 여기서 사시면 될 것... ,앰버의 트래블 노트,blog.naver.com/traveleramber,20260625
"아이와 어디 갈지 고민이라면, 이번 주말은 경주 양동마을이 정답!",https://blog.naver.com/groundtour/224327002972,수많은 <b>관광</b>지가 있지만 양동마을은 조금 특별합니다. 이곳은 단순히 오래된 한옥이 모여 있는... 전국의 특별한 <b>로컬</b> 체험을 쉽고 편리하게 예약할 수 있는 루플(Loople)에서 양동마을 전통 체험 프로그램을... ,"지역과 사람이 순환하는 곳, 루플 Loople",blog.naver.com/groundtour,20260625
상주시청 안재민시장 정책 농산물 가공교육 확대,https://blog.naver.com/forumvop/224327003073,"창업, <b>로컬</b>푸드 판매를 연결하는 출발점이 됩니다. 이번 뽕잎 쌀가루 개발 교육은 농업기술센터... 농업이 생산에만 머물지 않고 가공과 판매, 체험과 <b>관광</b>으로 확장될 때 지역 농산물의 활용 범위도 넓어집니다.... ",국민의소리포럼,blog.naver.com/forumvop,20260625
충남 보령 대천맛집 대천브루어리 수제맥주 양조장&amp;펍,https://blog.naver.com/ansgksrla/224326996958,보령 최초의 <b>로컬</b> 수제맥주 양조장 대천브루어리가 특별한 이유는 단순히 맥주를 판매하는 펍이... 맥주 관련 상품들을 구경하는 재미도 있어서 단순한 식당이 아니라 작은 <b>관광</b>명소 같은 느낌이 들었습니다.... ,뉴빈의 먹방,blog.naver.com/ansgksrla,20260625
여름휴가 상하이 항공권 특가｜3박4일 일정 + 맛집 맵... ,https://blog.naver.com/singmedi/224326994900,예원 <b>관광</b>과 함께. 팁: 창가 자리·오전 10시 전 덜 붐빔. 1인 40~80위안. EAT② 양스생젠(小杨生煎)... EAT④ 뤄하인(诺莱仕) or 톈쯔팡 인근 <b>로컬</b> 저녁 분위기·이자카야·小酒馆 스타일. DAY3 야경 후 한... ,리빙웰라이프,blog.naver.com/singmedi,20260625
이탈리아 여행 경비 절약 팁 항공권 숙소 투어 식비 아끼는 방법,https://blog.naver.com/daybyd/224326993533,"예를들어, 로마나 피렌체처럼 시내 <b>관광</b>을 도보로 해결할 수 있는 곳에선 숙소를 굳이 외곽으로 잡지... 좀 더 격식 있는 리스토란테 Ristorante 보단 저렴하면서 맛도 있고 <b>로컬</b> 분위기가 나거든요. 이런 곳들 중... ","이젠, 아부다비",blog.naver.com/daybyd,20260625
2026년 7월 전국축제 일정,https://blog.naver.com/kwanchungje/224326992268,와일드&amp;<b>로컬</b>푸드축제 / 고산자연휴양림 일원 ☀ 10월 2일 ~ 10월 4일 / 전북 전주 / 전주 페스타... 온달<b>관광</b>지 ☀ 10월 3일 ~ 10월 11일 / 경북 영주 / 영주풍기 인삼축제 / 풍기읍 성내리240-1 ☀ 10월 3일... ,관청재의 茶와 水墨,blog.naver.com/kwanchungje,20260625
[2026년 6월 상권 분석] 성수·홍대·이태원은 왜 계속... ,https://blog.naver.com/dlarkqwlsd/224326991354,"여기에 외국인 <b>관광</b>객, K-패션, K-뷰티, 캐릭터 콘텐츠, 팝업스토어가 결합되면서 단순한 <b>로컬</b> 상권이 아니라 글로벌 소비 상권으로 확장되고 있다. 이태원은 분위기 자체가 경험이다. 다양한 국적의 음식... ","상업용 부동산 시장, 회복 아닌 '선별'의 시대",blog.naver.com/dlarkqwlsd,20260625
"★프랑스에서 파리, 리옹의 뒤를 잇는 3번째로 큰 도시... ",https://blog.naver.com/tjrnjsdn7770/224325801452,"마르세유 <b>관광</b>청도 문화유산, 바다, 자연, 미식, 액티비티를 주요 여행 테마로 안내합니다. (Office de... (Office de Tourisme de Marseille) [15] <b>로컬</b>맛집·현지인맛집 추천 방향 부야베스를 제대로 먹고 싶다면 발롱... ",tjrnjsdn7770님의 블로그,blog.naver.com/tjrnjsdn7770,20260625
K-POP 체험 하이커 그라운드 아이와 서울 가볼만한곳 실내... ,https://blog.naver.com/sbomi720/224326985129,"하이커 그라운드는 K-POP, 한국의 거리문화, <b>로컬</b> 여행까지 한국에서 가장 흥미로운 문화를 보고 즐기고... 전북 <b>관광</b> 팝업스토어 2026.06.16 - 06.21 하이커 그라운드 전북을 대표하는 다양한 제품들이 판매하고... ",헤이뽀나의 새로운봄날♡,blog.naver.com/sbomi720,20260625
제주 감성 디저트 카페 부젤라또 방문후기!! 사계해안 바로앞... ,https://blog.naver.com/sik1107/224326984931,최근 제주 여행 트렌드 자체가: 감성카페 투어 제주 디저트 여행 <b>로컬</b> 디저트 맛집 감성 사진 여행... 특히: 산방산 사계리 송악산 용머리해안 중문 <b>관광</b>단지 같은 코스와 이동 동선이 좋아 자연스럽게 들르기... ,sik1107님의블로그,blog.naver.com/sik1107,20260625
베트남 호치민 다낭 출장 ㅣ 다낭 호치민 출장 호텔 추천,https://blog.naver.com/shonegg/224326979443,좋고 <b>관광</b> 왔는데 가성비 좋은 호텔 찾는다면 추천 다만 방음은 좀 안 되는 편... 작은 소리에도 예민하신 분들은 힘들 수도 있겠다ㅜ 저녁 약속이 있었지만 그 전에 너무 배고파서 호텔 바로 옆에 있는 <b>로컬</b>... ,Eni’s Diary ☀️,blog.naver.com/shonegg,20260625
"2026년 5월 기록, 제주에서의 찬란한 봄날 :)",https://blog.naver.com/qjqosla/224326976578,"여기서 3시간을 실컷 놀았다~ 바로 앞에 내가 제주에서 넘 좋아하는 <b>로컬</b>식당이 있어서 저녁은 거기서... ㅎㅎ 엄마랑 <b>관광</b>도 하고, 맛있는것도 많이 먹고 행복했던 주말 :) 엄마 와계신 동안 남편이랑 라운드도... ",Jeju Makes Us,blog.naver.com/qjqosla,20260625
여름 휴가는 힐링 가득한 울진 금강송 숲으로”,https://blog.naver.com/parkty22/224326972704,"울진군은 이번 놀숲패스 출시를 통해 금강송 숲을 중심으로 한 산림치유 <b>관광</b> 수요를 확대하고, 지역 숙박·음식점·카페 등 <b>로컬</b> 상권과 연계한 체류형 <b>관광</b> 활성화에 기여할 것으로 기대하고 있다. 박재용... ",경북방송,blog.naver.com/parkty22,20260625
"호치민 여행 코스 :: 무이네 투어부터 파인다이닝, 네일... ",https://blog.naver.com/adayoneday/224326971413,"호치민 무이네 3박4일 핵심일정 일차 추천 테마 방문 명소 (동선 및 힐링 최적화) 추천 <b>로컬</b> &amp; 가성비... 최근 방콕 등 태국 주요 <b>관광</b>지 물가가 많이 오른 것에 비해, 베트남 호치민은 여전히 뷰티(네일·패디)... ","A day, One day",blog.naver.com/adayoneday,20260625
☆바다가 둘러싸인 바위섬 위의 1300년의 역사가 담긴 수도원... ,https://blog.naver.com/wpeksl38099/224326969467,"공식 <b>관광</b>청은 Auberge de La Mère Poulard에서 장작불 오믈렛, <b>로컬</b> 양고기, 생선과 해산물, 전통 요리를 맛볼 수 있다고 안내합니다. 다만 유명세가 큰 만큼 가격대가 높은 편이라 “한 번쯤 경험”으로 접근하는... ",wpeksl38099님의 블로그,blog.naver.com/wpeksl38099,20260625
서울시 여행업 종류별 자본금 기준과 구청 <b>관광</b>사업등록 절차... ,https://blog.naver.com/pejin0621/224326968844,"국내 <b>로컬</b> 투어 및 테마 여행 중심 이번에 강서구청을 통해 면허를 취득하신 A 대표님의 경우, 전 세계 바이어 및 외국인 <b>관광</b>객을 한국으로 유치하는 인바운드 영업까지 거시적으로 기획하셨기에 '종합여행업... ",빨간바지 공인중개사! 남편은 행정사!,blog.naver.com/pejin0621,20260625
"2026 경산카페축제 일정, 프로그램, 먹거리 총정리!... ",https://blog.naver.com/pkladin/224326561288,"문화<b>관광</b>축제로 주목받고 있습니다. 이번 포스팅에서는 2026 경산카페축제의 일정, 장소, 주요... 이번 축제에서는 지역 특산물인 신비복숭아와 <b>로컬</b> 스페셜티 커피를 활용한 한정판 디저트와 음료를 만나볼... ",맛집 탐방,blog.naver.com/pkladin,20260625
홍천 아이와 함께 떠나는 가족 &amp; 놀거리 여행! 즐거움 가득한... ,https://blog.naver.com/i0865/224326493375,"홍천 도심 속 자연 쉼터, 토리숲  포인트 토리숲은 홍천군민과 <b>관광</b>객 모두에게 사랑받는 도심 속 힐링... 아이들은 시장 구경 자체를 재미있는 체험으로 느끼고, 부모님은 <b>로컬</b> 먹거리와 간식을 즐기며 여행의... ",생각·일상·공부 기록,blog.naver.com/i0865,20260625
[호텔브랜드정보] #도미인 #DormyInn #도미인리조트그룹... ,https://blog.naver.com/aroundthetravel/224320970611,"특히 외국인 K-<b>관광</b>객들과 전통 도심 속 특별한 휴식을 꿈꾸는 <b>로컬</b> 힙스터들에게 대체 불가능한 요새로 손꼽힙니다. &amp; 3. 스탠다드부터 럭셔리 료칸풍까지, 도미인리조트 그룹의 브랜드 포트폴리오... ",AROUND THE TRAVEL,blog.naver.com/aroundthetravel,20260625
"충남 청양 여행, 하늘 위를 걷는 스카이워크와 칠갑호 풍경",https://blog.naver.com/sinmunman/224326554035,"청양은 칠갑산과 천장호를 품고 있는 자연<b>관광</b>지로 잘 알려져 있는데요. 이제 스카이워크는 청양의... <b>로컬</b>푸드 직매장을 안내하고 있습니다. 청양지역의 대표농산물들입니다. 구기자한과, 표고버섯등 건강한... ",충청남도 공식 블로그 (힘쎈충남),blog.naver.com/sinmunman,20260625
제주 1박 2일 여행 실패 없는 법 : 중문 흑돼지 맛집만 가도... ,https://blog.naver.com/vpinkv0730/224326964212,날 <b>로컬</b> 주민들이랑 여행자들 사이에서 입소문난 서귀포 맛집을 다녀왔어요 . . ♥ 사실 고기 맛이 다... ᐟ 서귀포 중문<b>관광</b>단지 메인에 위치해 있어서 초행길이라도 헤매지 않고 찾을 수 있을 만큼 접근성이... ,오늘의 이야기,blog.naver.com/vpinkv0730,20260625
[2TV 생생정보 2558회] 6월 25일 맛집&amp;핫플 : 광진구 돼지갈비... ,https://blog.naver.com/maybach0717/224326957920,일품인 <b>로컬</b> 주민 인증 떡 맛집입니다. 좋은 쌀과 아낌없이 넣은 고물 덕분에 멀리서도 떡을 사기... (<b>관광</b> 명소) 무릉별유천지 주소: 강원특별자치도 동해시 이기로 97 (삼화동 762-6) 연락처: 0507-1448-0101 특징... ,GTB - 스마트 라이프 가이드,blog.naver.com/maybach0717,20260625
012345678910&amp;99999099999,https://blog.naver.com/bwiwd/224326955243,[네이버 블로그] 금호김영집 https://m.blog.naver.com/yjsjhs https://m.blog.naver.com/arangjoeul https://m.blog.naver.com/bwiwd 2/2 https://story.kakao.com/kumhokyj/1LHdd3i3EO9 https://story.kakao.com/kumhokyj/fCpyyP3dyoA https://story.kakao.... ,전화통화 신분확인.말을못해서 말을하지않는게아니다,blog.naver.com/bwiwd,20260625
"손배찬 파주시장 당선인, 민통선 주요 현장 점검… 평화<b>관광</b>... ",https://blog.naver.com/metrotimes/224326953275,"평화<b>관광</b> 통합 관제 플랫폼'을 안착시켜야 한다. 이에 더해 개발 이익을 접경지 주민들과 공유하고 사업 심의 단계부터 지역 주민을 의무 동참시키는 '<b>로컬</b> 포용 참여 쿼터제'를 확립함으로써, 사각지대 없는... ",메트로타임즈공식뉴스-핵심 심층 분석기사 & 3줄 요약,blog.naver.com/metrotimes,20260625
7~8월 여름휴가 중국 2박3일 연태[옌타이]골프여행,https://blog.naver.com/nudian9024/224326951304,"엄선된 특급 호텔과 현지 리조트, 그리고 한국인 입맛에 딱 맞춘 <b>로컬</b> 맛집 투어와 특식까지 동선에... 직영의 안정감: 직영 가이드 시스템 덕분에 덤터기 <b>관광</b>이나 불필요한 옵션 강요가 없어 깔끔합니다.... ",누디앙골프,blog.naver.com/nudian9024,20260625
[내돈내산/솔직리뷰] 부산에서 <b>로컬</b>음식을 찾는다면 가봐야될... ,https://blog.naver.com/ju0rei/224326952193,"물론 전국적으로 프렌차이즈는 있긴하지만, <b>로컬</b>푸드로서의 가치가 충분하다고 생각해요. 당연히 맛있고, 한국스러운 맛, 부산스러운 맛을 잘 느낄 수 있는 메뉴라고 생각해요. 그래서 여행, <b>관광</b>객 분들은... ","주영리 <주관적인 리뷰> 맛집, 카페, 여행",blog.naver.com/ju0rei,20260625
치앙마이 다음 코스 고민 끝! '배낭여행자들의 무덤' 빠이에서... ,https://blog.naver.com/smartenplus/224297425328,"단순한 <b>관광</b>지 순례가 아닌, 마을 특유의 공기와 여유를 온전히 느끼는 빠이에서의 하룻밤은 과연... 아기자기한 <b>로컬</b> 카페와 맛집 도장 깨기 해가 지면 열리는 야시장(Walking Street) 산책하기 스쿠터를... ",Smarten+태국 여행에 필요한 교통수단 예약은 여기서,blog.naver.com/smartenplus,20260625
"[하노이 호텔 추천] 높은 곳에서 즐기는 호캉스, 인터컨티넨탈... ",https://blog.naver.com/daiiily/224326947912,"근처의 <b>로컬</b> 분위기와 신시가지의 쾌적한 호캉스 사이에서 고민하시는 분들이 많을 텐데요. 뛰어난... 위치적 단점: 올드쿼터(호안끼엠 호수, 맥주거리 등)나 주요 역사 <b>관광</b>지까지는 차량으로 약 35분에서 40분... ",일상,blog.naver.com/daiiily,20260625
2026 강원도 연꽃 명소 무료 입장 가볼만한곳 여름 당일치기... ,https://blog.naver.com/kkkjyw/224326946591,추천음식 1️⃣ 철원의 청정 고추석 밀을 활용한 정갈한 손만두 전골이나 구수한 청국장 정식으로 건강한 <b>로컬</b> 밥상을 즐겨보세요. 2️⃣ <b>관광</b>지 내 카페에서 철원 오대쌀로 만든 고소한 쌀 아이스크림이나... ,케이라님의블로그,blog.naver.com/kkkjyw,20260625
대전시티투어 예약방법 대전빵지순례버스 타고 다녀온... ,https://blog.naver.com/starly-/224326945537,주요 <b>관광</b> 명소와 핫플레이스들을 영리하게 순환하는 가성비 아주 훌륭한 <b>로컬</b> 교통수단이랍니다 버스 내부도 무척 쾌적하고 시원해서 한여름 무더위 속에서도 땀 흘리지 않고 이동할 수 있는 게 아주 쵝오..!!... ,별의별 여행기,blog.naver.com/starly-,20260625
