장소명,지역,URL,키워드
구름산산림욕장,경기도,https://www.google.com/maps/place/%EA%B5%AC%EB%A6%84%EC%82%B0+%EC%82%B0%EB%A6%BC%EC%9A%95%EC%9E%A5/data=!3m1!1e3!4m8!3m7!1s0x357b618951b54019:0x705d71610a309f05!8m2!3d37.4549663!4d126.8772253!9m1!1b1!16s%2Fg%2F11j42ts73z?entry=ttu&g_ep=EgoyMDI2MDcxMy4wIKXMDSoASAFQAw%3D%3D,구름산산림욕장
북한산국립공원,경기도,https://www.google.com/maps/place/%EB%B6%81%ED%95%9C%EC%82%B0%EA%B5%AD%EB%A6%BD%EA%B3%B5%EC%9B%90/data=!3m1!1e3!4m8!3m7!1s0x357c97cb497d5eef:0x7c28d66cb523ac09!8m2!3d37.6451571!4d126.9747796!9m1!1b1!16s%2Fg%2F11s_yv5jk2?entry=ttu&g_ep=EgoyMDI2MDcxMy4wIKXMDSoASAFQAw%3D%3D,북한산국립공원
임진각,경기도,https://www.google.com/maps/place/%EC%9E%84%EC%A7%84%EA%B0%81+%ED%8F%89%ED%99%94%EB%88%84%EB%A6%AC%EA%B3%B5%EC%9B%90/data=!3m1!1e3!4m8!3m7!1s0x357cf22deb81b203:0xa1f289873f84d1a2!8m2!3d37.8922482!4d126.7430603!9m1!1b1!16s%2Fg%2F119thlfjq?entry=ttu&g_ep=EgoyMDI2MDcxMy4wIKXMDSoASAFQAw%3D%3D,임진각
용문산,경기도,https://www.google.com/maps/place/%EC%9A%A9%EB%AC%B8%EC%82%B0/data=!3m1!1e3!4m8!3m7!1s0x356338d3668b7633:0xbd7d1fffec41d2c2!8m2!3d37.5622124!4d127.5518582!9m1!1b1!16s%2Fm%2F04yd09c?entry=ttu&g_ep=EgoyMDI2MDcxMy4wIKXMDSoASAFQAw%3D%3D,용문산
소요산,경기도,https://www.google.com/maps/place/%EC%86%8C%EC%9A%94%EC%82%B0/data=!3m1!1e3!4m8!3m7!1s0x357cd9a182f7187f:0x14c3c443d3bca276!8m2!3d37.9426296!4d127.0878091!9m1!1b1!16s%2Fm%2F04y74bs?entry=ttu&g_ep=EgoyMDI2MDcxMy4wIKXMDSoASAFQAw%3D%3D,소요산
자라섬캠핑장,경기도,https://www.google.com/maps/place/%EC%9E%90%EB%9D%BC%EC%84%AC+%EC%BA%A0%ED%95%91%EC%9E%A5/data=!3m1!1e3!4m8!3m7!1s0x356327726379813b:0x583716a07d662ddb!8m2!3d37.8198192!4d127.5206593!9m1!1b1!16s%2Fg%2F1tdnc2qb?entry=ttu&g_ep=EgoyMDI2MDcxMy4wIKXMDSoASAFQAw%3D%3D,자라섬캠핑장
한탄강오토캠핑장,경기도,https://www.google.com/maps/place/%ED%95%9C%ED%83%84%EA%B0%95+%EC%98%A4%ED%86%A0%EC%BA%A0%ED%95%91%EC%9E%A5/data=!3m1!1e3!4m8!3m7!1s0x357d275e44dbd6c1:0xf60c13a488761eba!8m2!3d38.00676!4d127.061615!9m1!1b1!16s%2Fg%2F11bzq3n6d2?entry=ttu&g_ep=EgoyMDI2MDcxMy4wIKXMDSoASAFQAw%3D%3D,한탄강오토캠핑장
남한강자전거길,경기도,,남한강자전거길
안산갈대습지공원,경기도,https://www.google.com/maps/place/%EC%95%88%EC%82%B0%EA%B0%88%EB%8C%80%EC%8A%B5%EC%A7%80%EA%B3%B5%EC%9B%90/data=!3m1!1e3!4m8!3m7!1s0x357b6e8326903e8d:0x1f8d8064096d71fe!8m2!3d37.2730795!4d126.8390897!9m1!1b1!16s%2Fg%2F11fx8_0syt?entry=ttu&g_ep=EgoyMDI2MDcxMy4wIKXMDSoASAFQAw%3D%3D,안산갈대습지공원
의정부실내빙상장,경기도,https://www.google.com/maps/place/%EC%9D%98%EC%A0%95%EB%B6%80+%EC%8B%A4%EB%82%B4%EB%B9%99%EC%83%81%EC%9E%A5/data=!3m1!1e3!4m8!3m7!1s0x357cc0decd0a11e3:0xa3bd65a32784499f!8m2!3d37.7587621!4d127.0237652!9m1!1b1!16s%2Fg%2F1tc_tjzj?entry=ttu&g_ep=EgoyMDI2MDcxMy4wIKXMDSoASAFQAw%3D%3D,의정부실내빙상장
에버랜드,경기도,https://www.google.com/maps/place/%EC%97%90%EB%B2%84%EB%9E%9C%EB%93%9C/data=!3m1!1e3!4m8!3m7!1s0x357b5403ce34d773:0x1fa18ab619238098!8m2!3d37.2939104!4d127.2025664!9m1!1b1!16s%2Fm%2F012dzv65?entry=ttu&g_ep=EgoyMDI2MDcxMy4wIKXMDSoASAFQAw%3D%3D,에버랜드
서울대공원,경기도,https://www.google.com/maps/place/%EC%84%9C%EC%9A%B8%EB%8C%80%EA%B3%B5%EC%9B%90/data=!3m1!1e3!4m8!3m7!1s0x357b5f6734d3c035:0x24dfa58979884d7b!8m2!3d37.4275247!4d127.0170252!9m1!1b1!16zL20vMGcycHdj?entry=ttu&g_ep=EgoyMDI2MDcxMy4wIKXMDSoASAFQAw%3D%3D,서울대공원
서울랜드,경기도,https://www.google.com/maps/place/%EC%84%9C%EC%9A%B8%EB%9E%9C%EB%93%9C/data=!3m1!1e3!4m8!3m7!1s0x357ca0a1c64c4cdb:0x5225b2032101891a!8m2!3d37.4341563!4d127.0201267!9m1!1b1!16s%2Fm%2F0h3tjxq?entry=ttu&g_ep=EgoyMDI2MDcxMy4wIKXMDSoASAFQAw%3D%3D,서울랜드
허브아일랜드,경기도,https://www.google.co.kr/maps/place/%ED%97%88%EB%B8%8C%EC%95%84%EC%9D%BC%EB%9E%9C%EB%93%9C/data=!4m8!3m7!1s0x357cd7f4012c94c5:0x6d620243fa5290a4!8m2!3d37.9653853!4d127.1316676!9m1!1b1!16s%2Fg%2F11x1nn3lj?entry=ttu&g_ep=EgoyMDI2MDcxMy4wIKXMDSoASAFQAw%3D%3D,허브아일랜드
캐리비안베이,경기도,https://www.google.com/maps/place/%EC%BA%90%EB%A6%AC%EB%B9%84%EC%95%88%EB%B2%A0%EC%9D%B4/data=!3m1!1e3!4m8!3m7!1s0x357b56ae20ac23b3:0x41aa5b7a8a28b20c!8m2!3d37.2977264!4d127.2003698!9m1!1b1!16s%2Fm%2F05p2_yy?entry=ttu&g_ep=EgoyMDI2MDcxMy4wIKXMDSoASAFQAw%3D%3D,캐리비안베이
한국민속촌,경기도,https://www.google.com/maps/place/%ED%95%9C%EA%B5%AD%EB%AF%BC%EC%86%8D%EC%B4%8C/data=!3m1!1e3!4m8!3m7!1s0x357b5aa55e3c2351:0x3e682538e0a196eb!8m2!3d37.258939!4d127.1181126!9m1!1b1!16zL20vMGc0M25j?entry=ttu&g_ep=EgoyMDI2MDcxMy4wIKXMDSoASAFQAw%3D%3D,한국민속촌
아침고요수목원,경기도,https://www.google.com/maps/place/%EC%95%84%EC%B9%A8%EA%B3%A0%EC%9A%94%EC%88%98%EB%AA%A9%EC%9B%90/data=!3m1!1e3!4m8!3m7!1s0x357c9fbf894b32cf:0x5d87cf93a53ba38d!8m2!3d37.7439678!4d127.3524864!9m1!1b1!16s%2Fg%2F11x1q9gfp?entry=ttu&g_ep=EgoyMDI2MDcxMy4wIKXMDSoASAFQAw%3D%3D,아침고요수목원
안성팜랜드,경기도,https://www.google.com/maps/place/%EB%86%8D%ED%98%91%EA%B2%BD%EC%A0%9C%EC%A7%80%EC%A3%BC+%EC%95%88%EC%84%B1%ED%8C%9C%EB%9E%9C%EB%93%9C/data=!3m1!1e3!4m8!3m7!1s0x357b3138c3f62c3f:0x15c115f79389a289!8m2!3d36.9920809!4d127.1931869!9m1!1b1!16s%2Fg%2F11c1wstz8c?entry=ttu&g_ep=EgoyMDI2MDcxMy4wIKXMDSoASAFQAw%3D%3D,안성팜랜드
경기도립물향기수목원,경기도,https://www.google.com/maps/place/%EB%AC%BC%ED%96%A5%EA%B8%B0%EC%88%98%EB%AA%A9%EC%9B%90/data=!3m1!1e3!4m8!3m7!1s0x357b46c321ccf92f:0x4052207a3b20fe48!8m2!3d37.1671751!4d127.0598228!9m1!1b1!16s%2Fg%2F1225w9xs?entry=ttu&g_ep=EgoyMDI2MDcxMy4wIKXMDSoASAFQAw%3D%3D,경기도립물향기수목원
쁘띠프랑스,경기도,https://www.google.com/maps/place/%EC%81%98%EB%9D%A0%ED%94%84%EB%9E%91%EC%8A%A4/data=!3m1!1e3!4m8!3m7!1s0x3563253f15656e01:0x2b921ba7d2ad829a!8m2!3d37.7148943!4d127.4903234!9m1!1b1!16s%2Fg%2F122fvfsv?entry=ttu&g_ep=EgoyMDI2MDcxMy4wIKXMDSoASAFQAw%3D%3D,쁘띠프랑스
국립현대미술관 과천관,경기도,https://www.google.com/maps/place/%EA%B5%AD%EB%A6%BD%ED%98%84%EB%8C%80%EB%AF%B8%EC%88%A0%EA%B4%80/data=!3m1!1e3!4m8!3m7!1s0x357ca2ed7e746c37:0x94e9dea2d7bf466d!8m2!3d37.4310373!4d127.019961!9m1!1b1!16s%2Fm%2F0k0qvys?entry=ttu&g_ep=EgoyMDI2MDcxMy4wIKXMDSoASAFQAw%3D%3D,국립현대미술관 과천관
광명동굴,경기도,https://www.google.com/maps/place/%EA%B4%91%EB%AA%85%EB%8F%99%EA%B5%B4/data=!3m1!1e3!4m8!3m7!1s0x357b63e221180341:0x2deb8fd0ea5359a!8m2!3d37.4265971!4d126.8659723!9m1!1b1!16s%2Fg%2F11f_p2r612?entry=ttu&g_ep=EgoyMDI2MDcxMy4wIKXMDSoASAFQAw%3D%3D,광명동굴
시화호조력발전소,경기도,,시화호조력발전소
아쿠아플라넷일산,경기도,https://www.google.com/maps/place/%EC%95%84%EC%BF%A0%EC%95%84%ED%94%8C%EB%9D%BC%EB%84%B7%EC%9D%BC%EC%82%B0/data=!3m1!1e3!4m8!3m7!1s0x357c8568d5f080b9:0x9dbf9cfdd8897f56!8m2!3d37.6635195!4d126.7554555!9m1!1b1!16s%2Fg%2F1q5bqt5sh?entry=ttu&g_ep=EgoyMDI2MDcxMy4wIKXMDSoASAFQAw%3D%3D,아쿠아플라넷일산
한국잡월드,경기도,https://www.google.com/maps/place/%ED%95%9C%EA%B5%AD%EC%9E%A1%EC%9B%94%EB%93%9C+Korea+JobWorld/data=!3m1!1e3!4m8!3m7!1s0x357b583f0f1ce41f:0xa229556daa48a241!8m2!3d37.3784972!4d127.1062767!9m1!1b1!16s%2Fg%2F12xq3l32m?entry=ttu&g_ep=EgoyMDI2MDcxMy4wIKXMDSoASAFQAw%3D%3D,한국잡월드
경기도어린이박물관,경기도,https://www.google.com/maps/place/%EA%B2%BD%EA%B8%B0%EB%8F%84%EC%96%B4%EB%A6%B0%EC%9D%B4%EB%B0%95%EB%AC%BC%EA%B4%80/data=!3m1!1e3!4m8!3m7!1s0x357b5abe645a4943:0xdd427f9095dcb361!8m2!3d37.2673404!4d127.1097952!9m1!1b1!16s%2Fg%2F1tgnpkxq?entry=ttu&g_ep=EgoyMDI2MDcxMy4wIKXMDSoASAFQAw%3D%3D,경기도어린이박물관
양평양떼목장,경기도,https://www.google.com/maps/place/%EC%96%91%ED%8F%89+%EC%96%91%EB%96%BC%EB%AA%A9%EC%9E%A5/data=!3m1!1e3!4m8!3m7!1s0x35633f29dc9a571b:0x9bd56a4558680c0b!8m2!3d37.5150677!4d127.6283823!9m1!1b1!16s%2Fg%2F11t30kqlkm?entry=ttu&g_ep=EgoyMDI2MDcxNS4wIKXMDSoASAFQAw%3D%3D,양평양떼목장
바라산자연휴양림,경기도,https://www.google.com/maps/place/%EC%9D%98%EC%99%95+%EB%B0%94%EB%9D%BC%EC%82%B0%EC%9E%90%EC%97%B0%ED%9C%B4%EC%96%91%EB%A6%BC/data=!3m1!1e3!4m8!3m7!1s0x357b5ebd0537b8e3:0x4a68c80fd0f9050d!8m2!3d37.3728728!4d127.0196199!9m1!1b1!16s%2Fg%2F11b90gvj3w?entry=ttu&g_ep=EgoyMDI2MDcxNS4wIKXMDSoASAFQAw%3D%3D,바라산자연휴양림
행주산성,경기도,https://www.google.com/maps/place/%ED%96%89%EC%A3%BC%EC%82%B0%EC%84%B1/data=!3m1!1e3!4m8!3m7!1s0x357c9b09fc193cfd:0x39a4c1019b970dc0!8m2!3d37.5955733!4d126.8281509!9m1!1b1!16s%2Fg%2F12163_mv?entry=ttu&g_ep=EgoyMDI2MDcxNS4wIKXMDSoASAFQAw%3D%3D,행주산성
남한산성행궁,경기도,https://www.google.com/maps/place/%EB%82%A8%ED%95%9C%EC%82%B0%EC%84%B1+%ED%96%89%EA%B6%81/data=!3m1!1e3!4m8!3m7!1s0x357caef0b390e3df:0x45058294315870a3!8m2!3d37.4786977!4d127.1822003!9m1!1b1!16s%2Fg%2F11bwf3gz_y?entry=ttu&g_ep=EgoyMDI2MDcxNS4wIKXMDSoASAFQAw%3D%3D,남한산성행궁
포천아트밸리,경기도,https://www.google.com/maps/place/%ED%8F%AC%EC%B2%9C%EC%95%84%ED%8A%B8%EB%B0%B8%EB%A6%AC/data=!3m1!1e3!4m8!3m7!1s0x357cd595c3388bc5:0x11a4e6805d112215!8m2!3d37.9231399!4d127.2371423!9m1!1b1!16s%2Fg%2F125n3s21f?entry=ttu&g_ep=EgoyMDI2MDcxNS4wIKXMDSoASAFQAw%3D%3D,포천아트밸리
헤이리예술마을,경기도,https://www.google.com/maps/place/%ED%97%A4%EC%9D%B4%EB%A6%AC+%EC%98%88%EC%88%A0%EB%A7%88%EC%9D%84/data=!3m1!1e3!4m8!3m7!1s0x357c8b8a0a9d3671:0xd2b2c34c16b1778c!8m2!3d37.7888414!4d126.698722!9m1!1b1!16s%2Fg%2F123976rp?entry=ttu&g_ep=EgoyMDI2MDcxNS4wIKXMDSoASAFQAw%3D%3D,헤이리예술마을
수원화성박물관,경기도,https://www.google.com/maps/place/%EC%88%98%EC%9B%90%ED%99%94%EC%84%B1%EB%B0%95%EB%AC%BC%EA%B4%80/data=!3m1!1e3!4m8!3m7!1s0x357b434aa22bf7e9:0x91c4cb9e8e1d5d8!8m2!3d37.2825914!4d127.0193606!9m1!1b1!16s%2Fg%2F1q5hkp55r?entry=ttu&g_ep=EgoyMDI2MDcxNS4wIKXMDSoASAFQAw%3D%3D,수원화성박물관
융건릉,경기도,https://www.google.com/maps/place/%EC%9C%B5%EB%A6%89%EA%B3%BC+%EA%B1%B4%EB%A6%89/data=!3m1!1e3!4m8!3m7!1s0x357b41848f6feda5:0x8349440211ac6b07!8m2!3d37.2119224!4d126.9906149!9m1!1b1!16s%2Fg%2F11bc6n8zwv?entry=ttu&g_ep=EgoyMDI2MDcxNS4wIKXMDSoASAFQAw%3D%3D,융건릉
세종대왕 영릉,경기도,https://www.google.com/maps/place/%EC%98%81%EB%A6%89(%E5%AF%A7%E9%99%B5)/data=!3m1!1e3!4m8!3m7!1s0x35635dba48c30817:0x373e9094ba1d184!8m2!3d37.3142424!4d127.6087146!9m1!1b1!16s%2Fg%2F120_4mb8?entry=ttu&g_ep=EgoyMDI2MDcxNS4wIKXMDSoASAFQAw%3D%3D,세종대왕 영릉
장릉,경기도,https://www.google.com/maps/place/%EA%B9%80%ED%8F%AC%EC%9E%A5%EB%A6%89/data=!3m1!1e3!4m8!3m7!1s0x357c83f14cf860bd:0x89319df85e432197!8m2!3d37.6128776!4d126.7111674!9m1!1b1!16s%2Fm%2F0nbdxjk?entry=ttu&g_ep=EgoyMDI2MDcxNS4wIKXMDSoASAFQAw%3D%3D,장릉
동구릉,경기도,https://www.google.com/maps/place/%EB%8F%99%EA%B5%AC%EB%A6%89/data=!3m1!1e3!4m8!3m7!1s0x357cb757ad3dbdf7:0xe84ca3c3a01a84a!8m2!3d37.6201143!4d127.1279811!9m1!1b1!16s%2Fm%2F0nbdkyh?entry=ttu&g_ep=EgoyMDI2MDcxNS4wIKXMDSoASAFQAw%3D%3D,동구릉
다산유적지,경기도,,다산유적지
통일전망대,경기도,https://www.google.com/maps/place/%EC%98%A4%EB%91%90%EC%82%B0%ED%86%B5%EC%9D%BC%EC%A0%84%EB%A7%9D%EB%8C%80/data=!3m1!1e3!4m8!3m7!1s0x357c895e8d9d4c93:0xa9fe5d22c8be1a70!8m2!3d37.773117!4d126.6772249!9m1!1b1!16s%2Fm%2F0nbfzm2?entry=ttu&g_ep=EgoyMDI2MDcxNS4wIKXMDSoASAFQAw%3D%3D,통일전망대
신구대학교식물원,경기도,https://www.google.com/maps/place/%EC%8B%A0%EA%B5%AC%EB%8C%80%ED%95%99%EA%B5%90+%EC%8B%9D%EB%AC%BC%EC%9B%90/data=!3m1!1e3!4m8!3m7!1s0x357ca709b5b5ac33:0x6f77387f3f04a3cc!8m2!3d37.4339552!4d127.080805!9m1!1b1!16s%2Fg%2F1tdbtq2r?entry=ttu&g_ep=EgoyMDI2MDcxNS4wIKXMDSoASAFQAw%3D%3D,신구대학교식물원
세미원,경기도,https://www.google.com/maps/place/%EC%84%B8%EB%AF%B8%EC%9B%90/data=!3m1!1e3!4m8!3m7!1s0x35634c9e5e533d9b:0xd41f9edb4e23375d!8m2!3d37.5401119!4d127.3241038!9m1!1b1!16s%2Fg%2F11bw1hklb_?entry=ttu&g_ep=EgoyMDI2MDcxNS4wIKXMDSoASAFQAw%3D%3D,세미원
시흥갯골생태공원,경기도,https://www.google.com/maps/place/%EC%8B%9C%ED%9D%A5%EA%B0%AF%EA%B3%A8%EC%83%9D%ED%83%9C%EA%B3%B5%EC%9B%90/data=!3m1!1e3!4m8!3m7!1s0x357b7acb729205ff:0x8c477d5ed257cd14!8m2!3d37.3909839!4d126.780835!9m1!1b1!16s%2Fg%2F11csqs40wj?entry=ttu&g_ep=EgoyMDI2MDcxNS4wIKXMDSoASAFQAw%3D%3D,시흥갯골생태공원
수리산입구,경기도,https://www.google.com/maps/place/%EC%88%98%EB%A6%AC%EC%82%B0/data=!3m1!1e3!4m8!3m7!1s0x357b66542ed1e2f3:0x84649be1b22e1c28!8m2!3d37.3661968!4d126.9027047!9m1!1b1!16s%2Fg%2F1q6j8dhmy?entry=ttu&g_ep=EgoyMDI2MDcxNS4wIKXMDSoASAFQAw%3D%3D,수리산입구
관악산자연학습장,경기도,,관악산자연학습장
대부해솔길,경기도,,대부해솔길
잣향기푸른숲,경기도,https://www.google.com/maps/place/%EA%B2%BD%EA%B8%B0%EB%8F%84+%EC%9E%A3%ED%96%A5%EA%B8%B0+%ED%91%B8%EB%A5%B8+%EC%88%B2/data=!3m1!1e3!4m8!3m7!1s0x35632db0a9a0da23:0x842891d344839a5d!8m2!3d37.7721391!4d127.3391224!9m1!1b1!16s%2Fg%2F11h4fjhk0k?entry=ttu&g_ep=EgoyMDI2MDcxNS4wIKXMDSoASAFQAw%3D%3D,잣향기푸른숲
비둘기낭폭포,경기도,https://www.google.com/maps/place/%EB%B9%84%EB%91%98%EA%B8%B0%EB%82%AD+%ED%8F%AD%ED%8F%AC/data=!3m1!1e3!4m8!3m7!1s0x357d2de40555e0d7:0x145da909f862d98d!8m2!3d38.079913!4d127.2170958!9m1!1b1!16s%2Fg%2F11fx_1fqmw?entry=ttu&g_ep=EgoyMDI2MDcxNS4wIKXMDSoASAFQAw%3D%3D,비둘기낭폭포
두물머리,경기도,https://www.google.com/maps/place/%EB%91%90%EB%AC%BC%EB%A8%B8%EB%A6%AC/data=!3m1!1e3!4m8!3m7!1s0x35634ca2b626387b:0x2572c4b44ed5c1b!8m2!3d37.5347371!4d127.3178912!9m1!1b1!16s%2Fg%2F1tcyppn1?entry=ttu&g_ep=EgoyMDI2MDcxNS4wIKXMDSoASAFQAw%3D%3D,두물머리
마장호수,경기도,https://www.google.com/maps/place/%EB%A7%88%EC%9E%A5%ED%98%B8%EC%88%98+%EC%B6%9C%EB%A0%81%EB%8B%A4%EB%A6%AC/data=!3m1!1e3!4m8!3m7!1s0x357ceac3d03a4179:0xb5e3206808587e07!8m2!3d37.7756518!4d126.9278262!9m1!1b1!16s%2Fg%2F11gdqsyx3k?entry=ttu&g_ep=EgoyMDI2MDcxNS4wIKXMDSoASAFQAw%3D%3D,마장호수
포천한탄강하늘다리,경기도,https://www.google.com/maps/place/%ED%8F%AC%EC%B2%9C+%ED%95%9C%ED%83%84%EA%B0%95+%ED%95%98%EB%8A%98%EB%8B%A4%EB%A6%AC/data=!3m1!1e3!4m8!3m7!1s0x357d2de169893fd9:0xc3e965901487d0e6!8m2!3d38.084388!4d127.2179088!9m1!1b1!16s%2Fg%2F11h1_09d0v?entry=ttu&g_ep=EgoyMDI2MDcxNS4wIKXMDSoASAFQAw%3D%3D,포천한탄강하늘다리
재인폭포,경기도,https://www.google.com/maps/place/%EC%9E%AC%EC%9D%B8%ED%8F%AD%ED%8F%AC/data=!3m1!1e3!4m8!3m7!1s0x357d2f8e16bb2331:0x80d70e30b2b8ddef!8m2!3d38.0774088!4d127.1432776!9m1!1b1!16s%2Fg%2F11q4bqp8x_?entry=ttu&g_ep=EgoyMDI2MDcxNS4wIKXMDSoASAFQAw%3D%3D,재인폭포
화성행궁,경기도,https://www.google.com/maps/place/%ED%99%94%EC%84%B1%ED%96%89%EA%B6%81/data=!3m1!1e3!4m8!3m7!1s0x357b43340a137667:0x692f2601c8996039!8m2!3d37.2819666!4d127.013727!9m1!1b1!16s%2Fg%2F121f8wz5?entry=ttu&g_ep=EgoyMDI2MDcxNS4wIKXMDSoASAFQAw%3D%3D,화성행궁
제3땅굴,경기도,https://www.google.com/maps/place/%EC%A0%9C3%EB%95%85%EA%B5%B4/data=!3m1!1e3!4m8!3m7!1s0x357cf3f5e5ef704b:0x698d9c841047718f!8m2!3d37.916653!4d126.6982609!9m1!1b1!16s%2Fg%2F11rz2px_d2?entry=ttu&g_ep=EgoyMDI2MDcxNS4wIKXMDSoASAFQAw%3D%3D,제3땅굴
송학김전시관,경기도,https://www.google.com/maps/place/%ED%95%B4%EC%B0%AC%EC%86%A1%ED%95%99%EA%B9%80/data=!3m1!1e3!4m8!3m7!1s0x357c9b16d13fb34f:0x6e85f225788e24e8!8m2!3d37.6026478!4d126.8228788!9m1!1b1!16s%2Fg%2F1wbrvqf9?entry=ttu&g_ep=EgoyMDI2MDcxNS4wIKXMDSoASAFQAw%3D%3D,송학김전시관
가평레일파크,경기도,https://www.google.com/maps/place/%EA%B0%80%ED%8F%89%EB%A0%88%EC%9D%BC%ED%8C%8C%ED%81%AC/data=!3m1!1e3!4m8!3m7!1s0x35632779fac61615:0x6e7609f2b9ff7975!8m2!3d37.8288388!4d127.5157265!9m1!1b1!16s%2Fg%2F11bytsy0bm?entry=ttu&g_ep=EgoyMDI2MDcxNS4wIKXMDSoASAFQAw%3D%3D,가평레일파크
대장금파크,경기도,https://www.google.com/maps/place/%EC%9A%A9%EC%9D%B8+%EB%8C%80%EC%9E%A5%EA%B8%88%ED%8C%8C%ED%81%AC/data=!3m1!1e3!4m8!3m7!1s0x3564b307d0934827:0x3ff637eaf7f693c3!8m2!3d37.1212087!4d127.3368503!9m1!1b1!16s%2Fm%2F0_82t74?entry=ttu&g_ep=EgoyMDI2MDcxNS4wIKXMDSoASAFQAw%3D%3D,대장금파크
스타필드수원,경기도,https://www.google.com/maps/place/%EC%8A%A4%ED%83%80%ED%95%84%EB%93%9C+%EC%88%98%EC%9B%90/data=!3m1!1e3!4m8!3m7!1s0x357b4367be4ee657:0x8a8b001a29248155!8m2!3d37.2873665!4d126.9912075!9m1!1b1!16s%2Fg%2F11txcqsqx_?entry=ttu&g_ep=EgoyMDI2MDcxNS4wIKXMDSoASAFQAw%3D%3D,스타필드수원
